term,coefficient,R_squared
intercept,-1.1493006366862122e-09,0.0
temp,8.366482883113968e-09,0.0
prec,-3.2896585881067436e-08,0.0
srad,-1.7420340871594358e-05,0.0
