feature,importance
prec_mean,0.4810684433724913
srad_mean,0.3226593426067506
temp_mean,0.19627221402075803
area_km2,0.0
